,voter_id,Public Key,Ciphertext
0,10001,"-----BEGIN PUBLIC KEY-----
MIIBIjANBgkqhkiG9w0BAQEFAAOCAQ8AMIIBCgKCAQEAtHt1JNLO8yG50MXg9ygt
Ui/MjnA/8xumKnnIVunA3v0sI61lgZ6qXcJwe5ckp0mTGG4MOsdh7X3Iroqf6RnR
MbHdL6SwWpLF1OPLQNpFaLbG8+D6fLAyuwHW25CFpn9BfFic7YmrtcREfTW3LYrU
X2n804IlQBwUT82xofZ6CBqVVqBxCmWKyYVCtZ/cXkz/XhXACgRPsWn93jckDZIU
2o3b4qFS0UrSJXhR99k/tQb6ruQp3rooISSPL73Z2CkQM9CWNsboSJfsgMzzaIDJ
hwl1TP12knK+iJ6/3C6uymL+RfTo/r0tIy4z8aZ1jvibhvU1X55iz0h0W6OYukX6
rwIDAQAB
-----END PUBLIC KEY-----","b'0C)\xdb\x85\xb3\x95\xb5\xa4\xb8f\x80jN\xca+\x10\\\x992jx\xb3ir\xf5\x1aA\xc6qH\xdd\x85\x0b\t\xe8\x02\x8c0\xe1\x8e\xb9\xa9\x1e\xc5\x97\xc8\xe2\x9f:\xd1Q\xacdD\xf9\xc4w[\x04\xe3\xde \xcc\x98Iq\x97\xe3\x03\xd6P\xc8\x076B\xca\xc1B\xf4x^\x14/P\xa5\x8c\xa9\nj\xfa]+\xfeo|\xe0\x18a\\\xd8\x91I\x9bD\x7f\x95\xcdE\x84\xe9\xc1|]\xd7\xce\r\x88O\xbd\xb5p\xc3\xb2\xb9\xc9\xecI\xf1{C\x04\xf2\x8c\x1b\xc4\xd3x\xff\xc6\xf9\x1f\x9aC\x06\x18\x8b/3\xe6\xfd\xef;2\x9f\x06\x9c\xe5""\xc9\xa6*\rW`\x0c\x18\x11\x17\xb8\x11=\xdb\xfd\xfc\xc0\x11`|\xa9h\x8c\xfb\xd3I\x96\x97*\xf7\xa0j\x81\x13\x11\x93w\xd7\r\xce\xa4\x03R\x18\xc2\x80\xda\xcf\x93\xeaE\xfe\x93\xeb\xa4\x89Q\xeea\xa7B(\xe5-\xdeo\x89h\x0e\xc2@\xcc#\xc9\xcf\x1c&&X\xf3\x96\x82*\xe4\xf5j\x93\x8c(\xa7[\xcc\xee)\xa3?\xfa'"
1,10002,,
2,10003,,
3,10004,,
4,10005,,
5,10006,,
